rocket,start
Falcon 9,
Space X,
NASA,
aeronautics,
pocket rockets,
bottle rocket,
team rocket,
moon,
astronaut,
countdown,
International Space Station,
Elon Musk,
JPL,
Texas holdem,
coke and mentos,
Jesse,
James,
meowth,
sun,
lunar eclipse,
lunar calendar,
tides,
Apollo 11,
cosmonaut,
Russians,
Caltech,
Tesla Motors,
Paypal,
Pasadena,
pair,
kicker,
straight,
flush,
straight flush,
river,
turn,
flop,
full house,
World Series,
Casino Royale,
Youtube,
carbon dioxide,
Jesse James,
King David,
Bible,
King James Bible,
James Cameron,
James Bond,
Lebron James,
Pokemon,
Persian,
pay day,
solar energy,
hydrogen,
nuclear fusion,
star,
solar system,
earth,
Chinese New Year,
class of 2012,
Model S,
Roadster,
Model X,
electric car,
eBay,
Rose Bowl,
Huntington Gardens,
football,
Asian flush,
baseball,
Vesper Lynd,
Quantum of Solace,
Google,
numa numa,
RWJ,
cat videos,
Avatar,
Titanic,
Terminator,
Daniel Craig,
Sean Connery,
Roger Moore,
Pierce Brosnan,
Aston Martin,
vodka martini,
shaken not stirred,end
Moneypenny,
Q,
M,
Ash Ketchum,
Pikachu,
Friday,
twinkle,
awesome,
Meg Whitman,
alcohol,
Eva Green,
doodles,
Gmail,
search engine,
the Last Airbender,
unobtainium,
Leonardo DiCaprio,
Kate Winslet,
iceberg,
Arnold Schwarzenegger,
Rebecca Black,
Taetiseo,
Scotch whiskey,
gin,
beer,
catch me if you can,
inception,
the Departed,
eternal sunshine of the spotless mind,
lettuce,
governor of california,
one hit wonder,
Girls Generation,
Budweiser,
Heinekein,
Tom Hanks,
Joseph Gordon Levitt,
Matt Damon,
Jim Carey,
Blue Moon,
California,
Ice Ice Baby,
Kung Fu Fighting,
Macarena,
Funkytown,
My Sharona,
Tubthumping,
Tainted Love,
Forest Gump,
Life is like a box of chocolates,
500 Days of Summer,
Jason Bourne,
Hollywood,
Napa Valley,
surfing,
California Gurls,
Katy Perry,
Rush Hour,
Jet Li,
Jackie Chan,
Zoey Deschanel,
movies,
wine,
pinot noir,
Sideways,
Chris Tucker,
New Girl,
Toy Story,
kpop,
girl group,
9,
South Korea,
band,
g,
hoot,
genie,
super junior,
spice girls,
England,
posh spice,
Victoria Beckham,
David Beckham,
Galaxy,
Los Angeles,
Lakers,
Kings,
Dodgers,
China,
India,
Russia,
5,
10,
8,
7,
6,
4,
3,
2,
1,
liftoff,
11,
Milky Way,
Aladdin,
Disney movie,
Lion King,
cat,
lion,
leopard,
snow leopard,
tiger,
Apple,
Steve Jobs,
OS X,
Microsoft,
Windows,
Android,
Chrome,
operating system,
linux,
o,
falcon,
bird,
eagle,
owl,
pigeon,
